UNITID,includeConference,includeCharacter,includeReason
100654,,"20,122,011,201,020,000,000",C
100663,Conference,"20,122,011,201,020,000,000",B
100706,,"20,122,011,201,020,000,000",C
100724,,"20,122,011",C
100751,Conference,"20,122,011,201,020,000,000",B
100830,,"201,020,092,008",C
100858,Conference,"20,122,011,201,020,000,000",B
100937,,"20,122,011,201,020,000,000",C
101189,,"2,011,201,020,092,000",C
101435,,"20,122,011,201,020,000,000",C
101480,,"20,122,011,201,020,000,000",C
101541,,"20,122,011,201,020,000,000",C
101587,,"20,122,011,201,020,000,000",C
101693,,"20,122,011,201,020,000,000",C
101709,,"20,122,011,201,020,000,000",C
101879,,"20,122,011,201,020,000,000",C
101912,,"20,122,011,201,020,000,000",C
102049,,"20,122,011,201,020,000,000",C
102094,Conference,"20,122,011,201,020,000,000",B
102234,,"20,122,011,201,020,000,000",C
102261,,"20,122,011,201,020,000,000",C
102270,,"20,122,011,201,020,000,000",C
102368,Conference,"20,122,011,201,020,000,000",B
102377,,"20,122,011,201,020,000,000",C
102553,,2009,C
102614,,"20,092,008",C
102632,,2008,C
102669,,"20,122,011,201,020,000,000",C
104151,Conference,"201,020,092,008",B
104179,Conference,"201,020,092,008",B
104188,,2008,C
104586,,"201,020,092,008",C
105330,,"20,092,008",C
105589,,"20,122,011,201,020,000,000",C
105899,,"20,122,011",C
106245,Conference,"201,220,112,010",B
106342,,"20,122,011,201,020,000,000",C
106397,Conference,"20,122,011,201,020,000,000",B
106412,,"20,122,011,201,020,000,000",C
106458,Conference,"20,122,011,201,020,000,000",B
106467,,"20,122,011,201,020,000,000",C
106704,,"20,122,011,201,020,000,000",C
106713,,"20,122,011,201,020,000,000",C
107044,,"20,122,011,201,020,000,000",C
107071,,"20,122,011,201,020,000,000",C
107080,,"20,122,011,201,020,000,000",C
107141,,"2,011,201,020,092,000",C
107512,,"20,122,011,201,020,000,000",C
107558,,"20,122,011,201,020,000,000",C
107600,,"20,092,008",C
107877,,"20,122,011,201,020,000,000",C
107983,,"20,122,011,201,020,000,000",C
108092,,"20,092,008",C
109785,,"20,122,011,201,020,000,000",C
110051,,"201,020,092,008",C
110097,,"20,122,011,201,020,000,000",C
110361,,"20,122,011,201,020,000,000",C
110404,,"20,122,011,201,020,000,000",C
110413,,"20,122,011,201,020,000,000",C
110422,,2008,C
110486,,2008,C
110495,,2008,C
110510,,2008,C
110529,,2008,C
110538,,2008,C
110547,,2008,C
110556,Conference,2008,B
110565,,2008,C
110574,,2008,C
110583,,2008,C
110592,,2008,C
110608,,"20,122,011",C
110617,,2008,C
110635,Conference,"20,122,011,201,020,000,000",B
110644,,"20,122,011,201,020,000,000",C
110653,,"20,122,011,201,020,000,000",C
110662,Conference,"20,122,011,201,020,000,000",B
110671,,"20,122,011,201,020,000,000",C
110680,,"20,122,011,201,020,000,000",C
110705,,"20,122,011,201,020,000,000",C
110714,,"20,122,011,201,020,000,000",C
111188,,2008,C
111948,,"20,122,011,201,020,000,000",C
112075,,"2,012,201,120,102,000",C
112084,,"20,122,011,201,020,000,000",C
112260,,"20,122,011,201,020,000,000",C
112312,,2010,C
113698,,"20,122,011,201,020,000,000",C
114813,,"20,122,011,201,020,000,000",C
115409,,"20,122,011,201,020,000,000",C
115728,,"20,122,011,201,020,000,000",C
115755,,2008,C
116846,,"20,122,011,201,020,000,000",C
117104,,"20,122,011,201,020,000,000",C
117140,,"20,122,011,201,020,000,000",C
117627,,"20,122,011,201,020,000,000",C
117751,,"20,122,011,201,020,000,000",C
117946,,"20,122,011,201,020,000,000",C
118693,,"20,122,011,201,020,000,000",C
118888,,"20,122,011,201,020,000,000",C
119173,,"20,122,011,201,020,000,000",C
120184,,"20,122,011,201,020,000,000",C
120254,,"20,122,011,201,020,000,000",C
120403,,"2,012,201,120,092,000",C
120537,,"20,122,011,201,020,000,000",C
120865,,"2,012,201,120,102,000",C
120883,,"20,122,011,201,020,000,000",C
121150,,"20,122,011,201,020,000,000",C
121309,,"20,122,011,201,020,000,000",C
121345,,"20,122,011,201,020,000,000",C
121691,,"20,122,011,201,020,000,000",C
122409,Conference,2008,B
122436,,"20,122,011,201,020,000,000",C
122454,,"201,020,092,008",C
122597,,2008,C
122612,,"20,122,011,201,020,000,000",C
122728,,"20,122,011,201,020,000,000",C
122755,Conference,2008,B
122931,,"20,122,011,201,020,000,000",C
123165,,"20,122,011,201,020,000,000",C
123457,,"20,122,011,201,020,000,000",C
123554,,"20,122,011,201,020,000,000",C
123572,,2008,C
123651,,"20,122,011,201,020,000,000",C
123952,,2012,C
123961,Conference,"20,122,011,201,020,000,000",B
124292,,"20,122,011,201,020,000,000",C
125727,,"20,122,011,201,020,000,000",C
125763,,"20,122,011,201,020,000,000",C
125897,,"20,122,011,201,020,000,000",C
126182,,"20,122,011,201,020,000,000",C
126562,,"20,122,011,201,020,000,000",C
126580,,"20,122,011,201,020,000,000",C
126614,Conference,"20,122,011,201,020,000,000",B
126678,,"201,020,092,008",C
126775,,"20,122,011,201,020,000,000",C
126818,Conference,"20,122,011,201,020,000,000",B
127060,,"20,122,011,201,020,000,000",C
127185,,"20,122,011,201,020,000,000",C
127556,,"20,122,011,201,020,000,000",C
127565,,"20,122,011,201,020,000,000",C
127741,,"20,122,011,201,020,000,000",C
127918,,"20,122,011,201,020,000,000",C
127945,,"20,092,008",C
128106,,"20,122,011,201,020,000,000",C
128328,Conference,"20,122,011,201,020,000,000",B
128391,,"20,122,011,201,020,000,000",C
128498,,"20,122,011,201,020,000,000",C
128744,,"20,122,011,201,020,000,000",C
128771,,"20,122,011,201,020,000,000",C
128902,,2008,C
129020,Conference,"20,122,011,201,020,000,000",B
129215,,"20,122,011,201,020,000,000",C
129242,,2008,C
129525,,"20,122,011,201,020,000,000",C
129534,,2008,C
129686,,"20,092,008",C
129941,,"20,122,011,201,020,000,000",C
130183,,"20,122,011,201,020,000,000",C
130226,,"20,122,011,201,020,000,000",C
130253,,"20,092,008",C
130314,,"2,011,201,020,092,000",C
130493,,"20,122,011,201,020,000,000",C
130590,,"201,020,092,008",C
130624,,"20,122,011,201,020,000,000",C
130697,,"20,122,011,201,020,000,000",C
130776,,"20,122,011,201,020,000,000",C
130794,Conference,"20,122,011,201,020,000,000",B
130934,,"20,122,011,201,020,000,000",C
130943,,"20,122,011,201,020,000,000",C
131098,,"20,122,011,201,020,000,000",C
131159,,"20,122,011,201,020,000,000",C
131283,,"20,122,011,201,020,000,000",C
131308,,"2,011,201,020,092,000",C
131450,,"20,122,011,201,020,000,000",C
131469,,"20,122,011,201,020,000,000",C
131496,Conference,"20,122,011,201,020,000,000",B
131520,,"20,122,011,201,020,000,000",C
132408,,"20,122,011,201,020,000,000",C
132471,,"2,011,201,020,092,000",C
132602,,"20,122,011,201,020,000,000",C
132657,,2009,C
132879,,"201,220,112,010",C
132903,Conference,"20,122,011,201,020,000,000",B
133085,,"20,122,011,201,020,000,000",C
133492,,"20,122,011,201,020,000,000",C
133526,,"201,220,102,009",C
133553,,"201,020,092,008",C
133650,,"2,012,201,120,102,000",C
133669,Conference,"20,122,011,201,020,000,000",B
133711,,"20,122,011,201,020,000,000",C
133809,,"2,012,201,120,102,000",C
133881,,"20,122,011,201,020,000,000",C
133951,Conference,"20,122,011,201,020,000,000",B
134079,,"20,122,011,201,020,000,000",C
134097,Conference,"20,122,011,201,020,000,000",B
134130,Conference,"20,122,011,201,020,000,000",B
134945,,"20,122,011,201,020,000,000",C
135726,Conference,"20,122,011,201,020,000,000",B
136172,,"20,122,011,201,020,000,000",C
136206,,"20,122,011,201,020,000,000",C
136215,,"20,122,011,201,020,000,000",C
136330,,"20,122,011,201,020,000,000",C
137032,,"201,020,092,008",C
137351,Conference,"20,122,011,201,020,000,000",B
137476,,"20,122,011,201,020,000,000",C
137546,,"20,092,008",C
137847,,"20,122,011,201,020,000,000",C
137953,,"20,122,011,201,020,000,000",C
137962,,"20,092,008",C
138275,,"20,122,011,201,020,000,000",C
138293,,"2,012,201,120,102,000",C
138354,,"20,122,011,201,020,000,000",C
138558,,"20,122,011",C
138600,,2008,C
138716,,"20,122,011,201,020,000,000",C
138789,,"20,122,011,201,020,000,000",C
138868,,"20,122,011,201,020,000,000",C
138947,,"20,122,011,201,020,000,000",C
138983,,"20,122,011,201,020,000,000",C
139144,,"20,122,011,201,020,000,000",C
139199,,"20,122,011,201,020,000,000",C
139205,,"20,122,011,201,020,000,000",C
139250,,"20,122,011",C
139311,,"20,122,011,201,020,000,000",C
139366,,"20,122,011,201,020,000,000",C
139393,,"20,122,011,201,020,000,000",C
139463,,2012,C
139630,,"20,122,011,201,020,000,000",C
139658,,"20,122,011,201,020,000,000",C
139719,,"20,122,011,201,020,000,000",C
139755,Conference,"20,122,011,201,020,000,000",B
139764,,"20,122,011,201,020,000,000",C
139773,,"20,122,011",C
139861,,"20,122,011,201,020,000,000",C
139931,Conference,"20,122,011,201,020,000,000",B
139940,Conference,"20,122,011,201,020,000,000",B
139959,Conference,"20,122,011,201,020,000,000",B
139968,,"20,122,011",C
140164,,"20,122,011,201,020,000,000",C
140234,,"20,122,011,201,020,000,000",C
140252,,"20,122,011,201,020,000,000",C
140322,,"20,122,011",C
140447,,"20,122,011,201,020,000,000",C
140553,,"20,122,011,201,020,000,000",C
140669,,"20,122,011,201,020,000,000",C
140696,,"20,122,011,201,020,000,000",C
140720,,"20,122,011,201,020,000,000",C
140818,,"20,122,011,201,020,000,000",C
140872,,"20,122,011,201,020,000,000",C
140951,,"20,122,011,201,020,000,000",C
140988,,"20,122,011,201,020,000,000",C
141060,,"20,122,011,201,020,000,000",C
141097,,"20,122,011,201,020,000,000",C
141185,,"20,122,011,201,020,000,000",C
141237,,"20,122,011,201,020,000,000",C
141264,,"20,122,011,201,020,000,000",C
141325,,"20,122,011,201,020,000,000",C
141334,,"20,122,011,201,020,000,000",C
141361,,"2,012,201,120,102,000",C
141486,,"20,122,011,201,020,000,000",C
141565,,"20,122,011,201,020,000,000",C
141574,Conference,"20,122,011,201,020,000,000",B
141644,,"20,122,011,201,020,000,000",C
141981,,2008,C
142090,,"20,122,011,201,020,000,000",C
142115,Conference,"20,122,011,201,020,000,000",B
142285,Conference,"20,122,011,201,020,000,000",B
142294,,"20,122,011,201,020,000,000",C
142328,,"20,092,008",C
142461,,2012,C
142522,,"20,122,011,201,020,000,000",C
143048,,"20,122,011,201,020,000,000",C
143118,,"20,122,011,201,020,000,000",C
143288,,"20,122,011,201,020,000,000",C
143358,Conference,"20,122,011,201,020,000,000",B
144005,,"20,122,011,201,020,000,000",C
144050,,"20,122,011,201,020,000,000",C
144351,,"20,122,011,201,020,000,000",C
144740,Conference,"20,102,009",B
144892,,"20,122,011,201,020,000,000",C
144962,,"20,122,011,201,020,000,000",C
144971,,"20,122,011,201,020,000,000",C
145372,,"20,122,011,201,020,000,000",C
145497,,"20,122,011,201,020,000,000",C
145600,Conference,"20,122,011,201,020,000,000",B
145619,,"20,122,011,201,020,000,000",C
145637,Conference,"20,122,011,201,020,000,000",B
145646,,"20,122,011,201,020,000,000",C
145691,,2008,C
145725,,"20,122,011,201,020,000,000",C
145813,Conference,"20,122,011,201,020,000,000",B
146339,,"2,012,201,120,102,000",C
146612,,"20,122,011,201,020,000,000",C
146621,,"20,122,011,201,020,000,000",C
146667,,"20,122,011,201,020,000,000",C
146676,,"20,122,011,201,020,000,000",C
146719,Conference,"20,122,011,201,020,000,000",B
146825,,"2,012,201,020,092,000",C
147013,,"20,122,011,201,020,000,000",C
147129,,"201,220,112,010",C
147244,,"20,122,011,201,020,000,000",C
147341,,"20,122,011,201,020,000,000",C
147369,,2011,C
147536,,"201,020,092,008",C
147660,,"20,122,011,201,020,000,000",C
147679,,"20,122,011,201,020,000,000",C
147703,Conference,"20,122,011,201,020,000,000",B
147767,Conference,"20,122,011,201,020,000,000",B
147776,,"20,122,011,201,020,000,000",C
147828,,"20,122,011,201,020,000,000",C
148131,,"20,122,011,201,020,000,000",C
148405,,"20,122,011,201,020,000,000",C
148487,,"20,122,011,201,020,000,000",C
148496,,"20,122,011,201,020,000,000",C
148584,,"20,122,011,201,020,000,000",C
148627,,"20,122,011,201,020,000,000",C
148654,,"20,122,011,201,020,000,000",C
149222,Conference,"20,122,011,201,020,000,000",B
149231,,"20,122,011,201,020,000,000",C
149505,,"20,122,011,201,020,000,000",C
149514,,"20,122,011,201,020,000,000",C
149639,,"20,122,011,201,020,000,000",C
149772,,"20,122,011,201,020,000,000",C
149781,,"20,122,011,201,020,000,000",C
150066,,"20,122,011,201,020,000,000",C
150136,Conference,"20,122,011,201,020,000,000",B
150145,,"201,220,112,010",C
150163,Conference,"20,122,011,201,020,000,000",B
150400,,"20,122,011,201,020,000,000",C
150455,,"2,011,201,020,092,000",C
150534,Conference,"20,122,011,201,020,000,000",B
150561,,2008,C
150604,,"20,122,011,201,020,000,000",C
150668,,"20,122,011,201,020,000,000",C
150677,,"20,122,011,201,020,000,000",C
150756,,"20,122,011,201,020,000,000",C
150774,,"20,122,011,201,020,000,000",C
150941,,"20,122,011,201,020,000,000",C
151102,,"20,122,011,201,020,000,000",C
151111,,"20,122,011,201,020,000,000",C
151263,,"20,122,011,201,020,000,000",C
151290,,"20,122,011,201,020,000,000",C
151306,,"20,122,011,201,020,000,000",C
151324,Conference,"20,122,011,201,020,000,000",B
151333,,"20,122,011,201,020,000,000",C
151342,,"20,122,011,201,020,000,000",C
151351,Conference,"20,122,011,201,020,000,000",B
151360,,"20,122,011,201,020,000,000",C
151379,,"20,122,011,201,020,000,000",C
151388,,"20,122,011,201,020,000,000",C
151777,,"20,122,011,201,020,000,000",C
151786,,"20,122,011,201,020,000,000",C
151801,,"20,122,011,201,020,000,000",C
152080,Conference,"20,122,011,201,020,000,000",B
152099,,"20,122,011,201,020,000,000",C
152248,,"20,122,011,201,020,000,000",C
152266,,"201,220,112,010",C
152318,,"20,122,011,201,020,000,000",C
152336,,"20,122,011,201,020,000,000",C
152363,,"20,122,011,201,020,000,000",C
152381,,"20,122,011,201,020,000,000",C
152390,,"20,122,011,201,020,000,000",C
152530,,"20,122,011,201,020,000,000",C
152567,,"20,122,011,201,020,000,000",C
152600,Conference,"20,122,011,201,020,000,000",B
152673,,"20,122,011,201,020,000,000",C
152798,,"20,122,011,201,020,000,000",C
152992,,2010,C
153001,,"20,122,011,201,020,000,000",C
153108,,"20,122,011,201,020,000,000",C
153126,,"20,122,011,201,020,000,000",C
153144,,"20,122,011,201,020,000,000",C
153162,,"20,122,011,201,020,000,000",C
153250,,"20,122,011,201,020,000,000",C
153269,Conference,"20,122,011,201,020,000,000",B
153278,,"20,122,011,201,020,000,000",C
153320,,"20,122,011,201,020,000,000",C
153366,,"20,122,011,201,020,000,000",C
153375,,"20,122,011,201,020,000,000",C
153384,,"20,122,011,201,020,000,000",C
153603,Conference,"20,122,011,201,020,000,000",B
153621,,"20,122,011,201,020,000,000",C
153658,Conference,"20,122,011,201,020,000,000",B
153825,,"20,122,011,201,020,000,000",C
153834,,"20,122,011,201,020,000,000",C
154004,,"20,122,011,201,020,000,000",C
154013,,"20,122,011,201,020,000,000",C
154095,Conference,"20,122,011,201,020,000,000",B
154101,,"20,122,011,201,020,000,000",C
154235,,"20,122,011,201,020,000,000",C
154350,,"20,122,011,201,020,000,000",C
154493,,"20,122,011,201,020,000,000",C
154509,,2008,C
154518,,"20,122,011,201,020,000,000",C
154527,,"20,122,011,201,020,000,000",C
154590,,"20,122,011,201,020,000,000",C
154688,,"20,122,011,201,020,000,000",C
154712,,"20,122,011,201,020,000,000",C
154721,,"20,122,011,201,020,000,000",C
154749,,"20,122,011,201,020,000,000",C
154855,Conference,,F
155025,,"20,122,011,201,020,000,000",C
155070,,"20,122,011,201,020,000,000",C
155089,,"20,122,011,201,020,000,000",C
155140,,"2,011,201,020,092,000",C
155317,Conference,"20,122,011,201,020,000,000",B
155335,,"20,122,011,201,020,000,000",C
155399,Conference,2008,B
155414,,"20,122,011,201,020,000,000",C
155511,,"20,122,011,201,020,000,000",C
155520,,"20,122,011,201,020,000,000",C
155681,,"20,122,011,201,020,000,000",C
155812,,"20,122,011,201,020,000,000",C
155900,,"20,122,011,201,020,000,000",C
155937,,"20,122,011,201,020,000,000",C
155973,,"20,122,011,201,020,000,000",C
156082,,"20,122,011,201,020,000,000",C
156125,Conference,,F
156189,,"20,122,011,201,020,000,000",C
156213,,"20,122,011,201,020,000,000",C
156286,,"20,122,011,201,020,000,000",C
156295,,"20,122,011,201,020,000,000",C
156356,,"20,122,011,201,020,000,000",C
156365,,"20,122,011,201,020,000,000",C
156408,,"20,122,011,201,020,000,000",C
156541,,"20,122,011,201,020,000,000",C
156620,,"20,122,011,201,020,000,000",C
156745,,"20,122,011,201,020,000,000",C
157030,,"20,122,011,201,020,000,000",C
157058,,"20,122,011,201,020,000,000",C
157076,,"20,122,011,201,020,000,000",C
157085,Conference,"20,122,011,201,020,000,000",B
157100,,"20,122,011,201,020,000,000",C
157289,Conference,"20,122,011,201,020,000,000",B
157359,,"20,122,011,201,020,000,000",C
157377,,2008,C
157386,,"20,122,011,201,020,000,000",C
157401,,"20,122,011,201,020,000,000",C
157447,,"20,122,011,201,020,000,000",C
157757,,"20,122,011,201,020,000,000",C
157809,,"20,122,011,201,020,000,000",C
157818,,"20,122,011,201,020,000,000",C
157863,,"20,122,011,201,020,000,000",C
157951,Conference,"2,012,201,120,102,000",B
158477,,"20,122,011,201,020,000,000",C
158802,,"20,122,011,201,020,000,000",C
159009,,"20,122,011,201,020,000,000",C
159382,,"20,122,011,201,020,000,000",C
159391,Conference,"20,122,011,201,020,000,000",B
159416,,"2,012,201,120,102,000",C
159568,,"20,122,011,201,020,000,000",C
159647,Conference,"201,220,112,010",B
159656,,"20,122,011,201,020,000,000",C
159717,,"20,122,011,201,020,000,000",C
159939,,"20,122,011,201,020,000,000",C
159966,,"20,122,011,201,020,000,000",C
159993,Conference,"20,122,011,201,020,000,000",B
160038,,"20,122,011,201,020,000,000",C
160065,,2010,C
160074,,"20,122,011,201,020,000,000",C
160612,,"20,122,011,201,020,000,000",C
160621,,"20,122,011,201,020,000,000",C
160630,,"201,220,112,010",C
160658,,"20,122,011,201,020,000,000",C
160755,Conference,"20,122,011,201,020,000,000",B
160904,,"20,122,011,201,020,000,000",C
161086,,"20,122,011,201,020,000,000",C
161165,,"20,122,011,201,020,000,000",C
161235,,2012,C
161244,,"20,122,011,201,020,000,000",C
161253,,"20,122,011,201,020,000,000",C
161299,,"20,122,011,201,020,000,000",C
161457,,"20,122,011,201,020,000,000",C
161509,,2008,C
161518,,"20,122,011,201,020,000,000",C
161554,,"20,122,011,201,020,000,000",C
161563,,"20,122,011,201,020,000,000",C
161873,,"20,122,011,201,020,000,000",C
162007,,"20,122,011,201,020,000,000",C
162061,,"20,122,011,201,020,000,000",C
162210,,2012,C
162283,,"20,122,011,201,020,000,000",C
162584,,"20,122,011,201,020,000,000",C
162760,,"20,122,011,201,020,000,000",C
162928,,"20,122,011,201,020,000,000",C
163046,,2008,C
163268,,"20,122,011,201,020,000,000",C
163286,Conference,"20,122,011,201,020,000,000",B
163295,,"20,122,011,201,020,000,000",C
163338,,"20,122,011,201,020,000,000",C
163453,,"20,122,011,201,020,000,000",C
163462,,"20,122,011,201,020,000,000",C
163578,,"20,122,011,201,020,000,000",C
163912,,"20,122,011,201,020,000,000",C
164076,,"20,122,011,201,020,000,000",C
164155,,"20,122,011,201,020,000,000",C
164173,,"20,122,011,201,020,000,000",C
164207,,"20,092,008",C
164216,,"20,122,011,201,020,000,000",C
164270,,"20,122,011,201,020,000,000",C
164447,,"20,122,011,201,020,000,000",C
164465,,"20,122,011,201,020,000,000",C
164492,,"2,011,201,020,092,000",C
164562,,2008,C
164580,,"20,122,011,201,020,000,000",C
164614,,"20,122,011,201,020,000,000",C
164632,,"20,122,011,201,020,000,000",C
164720,,"20,122,011,201,020,000,000",C
164739,,"20,122,011,201,020,000,000",C
164924,Conference,"20,122,011,201,020,000,000",B
164988,,"20,122,011,201,020,000,000",C
165015,,"20,122,011,201,020,000,000",C
165024,,"20,122,011,201,020,000,000",C
165334,,"201,020,092,008",C
165529,,"20,122,011,201,020,000,000",C
165574,,"2,012,201,020,092,000",C
165644,,"20,122,011,201,020,000,000",C
165662,,"20,122,011,201,020,000,000",C
165671,,"20,122,011,201,020,000,000",C
165699,,"20,122,011,201,020,000,000",C
165820,,"20,122,011,201,020,000,000",C
165866,,"20,122,011,201,020,000,000",C
165936,,"20,122,011,201,020,000,000",C
166027,Conference,"20,122,011,201,020,000,000",B
166391,,"20,122,011,201,020,000,000",C
166452,,"20,122,011,201,020,000,000",C
166513,,"20,122,011,201,020,000,000",C
166629,,"20,122,011,201,020,000,000",C
166638,,"20,122,011,201,020,000,000",C
166656,,"20,122,011,201,020,000,000",C
166674,,"20,122,011,201,020,000,000",C
166683,,"20,122,011,201,020,000,000",C
166692,,"20,122,011,201,020,000,000",C
166948,,"20,122,011,201,020,000,000",C
166984,,2008,C
167260,,"201,020,092,008",C
167288,,"20,122,011,201,020,000,000",C
167358,,"20,122,011,201,020,000,000",C
167394,,"20,122,011,201,020,000,000",C
167455,,"201,220,112,008",C
167598,,"20,122,011,201,020,000,000",C
167729,,"20,122,011,201,020,000,000",C
167783,,"20,122,011,201,020,000,000",C
167835,,2008,C
167899,,"20,122,011,201,020,000,000",C
167987,,"20,122,011,201,020,000,000",C
168005,,"20,122,011,201,020,000,000",C
168148,,"20,122,011,201,020,000,000",C
168218,,"20,122,011,201,020,000,000",C
168227,,"2,012,201,120,102,000",C
168254,,"20,122,011,201,020,000,000",C
168263,,"20,122,011,201,020,000,000",C
168290,,"20,122,011,201,020,000,000",C
168342,,"20,122,011,201,020,000,000",C
168430,,"20,122,011,201,020,000,000",C
168528,,"20,122,011,201,020,000,000",C
168546,,"20,122,011,201,020,000,000",C
168591,,"20,122,011,201,020,000,000",C
168740,,"20,122,011,201,020,000,000",C
168786,,"20,122,011,201,020,000,000",C
169080,,"20,122,011,201,020,000,000",C
169248,Conference,"20,122,011,201,020,000,000",B
169327,,2012,C
169363,,"20,122,011,201,020,000,000",C
169442,,"20,122,011,201,020,000,000",C
169716,Conference,"20,122,011,201,020,000,000",B
169798,Conference,"20,122,011,201,020,000,000",B
169910,,"20,122,011,201,020,000,000",C
169983,,"20,122,011,201,020,000,000",C
170000,,"20,092,008",C
170037,,"20,122,011,201,020,000,000",C
170082,,"20,122,011,201,020,000,000",C
170301,,"20,122,011,201,020,000,000",C
170532,,"20,122,011,201,020,000,000",C
170639,,"20,122,011,201,020,000,000",C
170675,,"20,122,011,201,020,000,000",C
170806,,"2,011,201,020,092,000",C
170842,,"20,122,011,201,020,000,000",C
170967,,"20,122,011,201,020,000,000",C
170976,Conference,"20,122,011,201,020,000,000",B
171100,Conference,"2,011,201,020,092,000",B
171128,,"20,122,011,201,020,000,000",C
171137,,"20,122,011,201,020,000,000",C
171146,,"20,122,011,201,020,000,000",C
171456,,"20,122,011,201,020,000,000",C
171492,,"20,122,011,201,020,000,000",C
171571,Conference,"20,122,011,201,020,000,000",B
171599,,"20,122,011,201,020,000,000",C
171881,,"201,220,112,010",C
172033,,2012,C
172051,,"20,122,011,201,020,000,000",C
172264,,"20,122,011,201,020,000,000",C
172334,,"20,122,011,201,020,000,000",C
172644,,"20,122,011,201,020,000,000",C
172699,Conference,"20,122,011,201,020,000,000",B
173045,,"20,122,011,201,020,000,000",C
173124,,"20,122,011,201,020,000,000",C
173142,,"20,122,011,201,020,000,000",C
173160,,"20,122,011,201,020,000,000",C
173258,,"20,122,011,201,020,000,000",C
173300,,"20,122,011,201,020,000,000",C
173328,,"201,020,092,008",C
173452,,"20,122,011,201,020,000,000",C
173665,,"20,122,011,201,020,000,000",C
173902,,"20,122,011,201,020,000,000",C
173920,,"20,122,011,201,020,000,000",C
174066,Conference,"20,122,011,201,020,000,000",B
174075,,"20,122,011,201,020,000,000",C
174127,,"20,122,011,201,020,000,000",C
174206,,"2,011,201,020,092,000",C
174233,,"20,122,011,201,020,000,000",C
174251,,"20,122,011,201,020,000,000",C
174358,,"20,122,011,201,020,000,000",C
174437,,"20,122,011,201,020,000,000",C
174491,,"20,122,011,201,020,000,000",C
174525,,"20,122,011,201,020,000,000",C
174561,,2008,C
174747,,"20,122,011,201,020,000,000",C
174783,,"20,122,011,201,020,000,000",C
174792,,"20,122,011,201,020,000,000",C
174817,,"20,122,011,201,020,000,000",C
174844,,"20,122,011,201,020,000,000",C
174862,,"20,122,011,201,020,000,000",C
174899,,"20,122,011,201,020,000,000",C
174914,,"20,122,011,201,020,000,000",C
174932,,2009,C
175005,,"20,122,011,201,020,000,000",C
175078,,"20,122,011,201,020,000,000",C
175272,,"20,122,011,201,020,000,000",C
175342,,"20,122,011,201,020,000,000",C
175421,,"20,122,011,201,020,000,000",C
175430,,"20,112,010",C
175616,,"20,122,011,201,020,000,000",C
175856,,"20,122,011,201,020,000,000",C
175980,,"20,122,011,201,020,000,000",C
176017,Conference,"20,122,011,201,020,000,000",B
176035,,"20,122,011,201,020,000,000",C
176044,,"20,122,011,201,020,000,000",C
176053,,"20,122,011,201,020,000,000",C
176080,Conference,"20,122,011,201,020,000,000",B
176318,,"20,122,011,201,020,000,000",C
176372,Conference,"20,122,011,201,020,000,000",B
176406,,"20,122,011,201,020,000,000",C
176460,,2009,C
176479,,"20,122,011,201,020,000,000",C
176628,,"20,122,011,201,020,000,000",C
176789,,"20,122,011,201,020,000,000",C
176910,,2010,C
176938,,"2,012,201,020,092,000",C
176947,,"20,122,011,201,020,000,000",C
176965,,"20,122,011,201,020,000,000",C
177038,,"201,220,112,010",C
177065,,"20,092,008",C
177083,,"20,122,011,201,020,000,000",C
177117,,"20,122,011",C
177144,,"20,122,011,201,020,000,000",C
177214,,"20,122,011,201,020,000,000",C
177339,,"20,122,011,201,020,000,000",C
177418,,"20,122,011,201,020,000,000",C
177542,,"20,122,011,201,020,000,000",C
177746,,2011,C
177968,,"201,220,092,008",C
178059,,"20,122,011,201,020,000,000",C
178208,,"20,122,011,201,020,000,000",C
178244,,"20,122,011,201,020,000,000",C
178341,,"20,122,011,201,020,000,000",C
178369,,"20,122,011,201,020,000,000",C
178396,Conference,"20,122,011,201,020,000,000",B
178402,,"20,122,011,201,020,000,000",C
178411,,"20,122,011,201,020,000,000",C
178420,,"20,122,011,201,020,000,000",C
178615,,"20,122,011,201,020,000,000",C
178624,,"20,122,011,201,020,000,000",C
178697,,"20,122,011,201,020,000,000",C
178989,,"2,011,201,020,092,000",C
179043,,"20,122,011,201,020,000,000",C
179159,,"20,122,011,201,020,000,000",C
179256,,"20,122,011,201,020,000,000",C
179265,,"20,122,011,201,020,000,000",C
179326,,"20,122,011,201,020,000,000",C
179548,,"20,122,011,201,020,000,000",C
179557,,"20,122,011,201,020,000,000",C
179566,Conference,"20,122,011,201,020,000,000",B
179867,,"20,122,011,201,020,000,000",C
179894,,"20,122,011,201,020,000,000",C
179946,,"20,122,011,201,020,000,000",C
179955,,"20,122,011,201,020,000,000",C
179964,,"20,122,011,201,020,000,000",C
180106,,"20,122,011,201,020,000,000",C
180179,,"2,011,201,020,092,000",C
180416,,"2,012,201,120,102,000",C
180461,,"20,122,011,201,020,000,000",C
180489,,"20,122,011,201,020,000,000",C
180522,,"20,122,011,201,020,000,000",C
180595,,"20,122,011,201,020,000,000",C
180832,,"20,122,011,201,020,000,000",C
180878,,"20,122,011,201,020,000,000",C
180984,,"20,122,011,201,020,000,000",C
181002,Conference,"20,122,011,201,020,000,000",B
181011,,"20,092,008",C
181020,,"20,122,011,201,020,000,000",C
181093,,"20,122,011,201,020,000,000",C
181127,,"20,122,011,201,020,000,000",C
181215,,"20,122,011,201,020,000,000",C
181297,,"20,122,011,201,020,000,000",C
181330,,"20,122,011,201,020,000,000",C
181394,,"20,122,011,201,020,000,000",C
181446,,"20,122,011,201,020,000,000",C
181464,Conference,"20,122,011,201,020,000,000",B
181738,,"20,122,011,201,020,000,000",C
181853,,"20,122,011,201,020,000,000",C
182281,Conference,"2,011,201,020,092,000",B
182290,Conference,"20,122,011,201,020,000,000",B
182661,,"20,122,011,201,020,000,000",C
182670,Conference,"20,122,011,201,020,000,000",B
182795,,"20,122,011,201,020,000,000",C
183026,,"20,092,008",C
183044,,"20,122,011,201,020,000,000",C
183062,,"20,122,011,201,020,000,000",C
183071,,"20,122,011,201,020,000,000",C
183080,,"20,122,011,201,020,000,000",C
183211,,"20,122,011,201,020,000,000",C
183239,,"201,020,092,008",C
183822,,"20,122,011,201,020,000,000",C
183910,,"20,122,011,201,020,000,000",C
183974,,"20,122,011,201,020,000,000",C
184603,,"20,122,011,201,020,000,000",C
184612,,"20,122,011,201,020,000,000",C
184694,,"20,122,011,201,020,000,000",C
184773,,2012,C
184782,,"20,122,011,201,020,000,000",C
185129,,"201,220,092,008",C
185262,,"20,122,011,201,020,000,000",C
185572,,"20,122,011,201,020,000,000",C
185590,,"20,122,011,201,020,000,000",C
185828,,"20,122,011,201,020,000,000",C
186131,Conference,"20,122,011,201,020,000,000",B
186201,,"20,122,011,201,020,000,000",C
186283,,"20,122,011,201,020,000,000",C
186371,,"20,122,011,201,020,000,000",C
186380,Conference,"20,122,011,201,020,000,000",B
186399,,"20,122,011,201,020,000,000",C
186432,,"20,122,011,201,020,000,000",C
186584,Conference,"20,122,011,201,020,000,000",B
186618,,"20,122,011,201,020,000,000",C
186867,,"20,122,011,201,020,000,000",C
186876,,"20,122,011,201,020,000,000",C
187134,,"20,122,011,201,020,000,000",C
187444,,"20,122,011,201,020,000,000",C
187648,,"20,122,011,201,020,000,000",C
187745,,2008,C
187967,,"20,122,011,201,020,000,000",C
187985,Conference,"20,122,011,201,020,000,000",B
188030,Conference,"20,122,011,201,020,000,000",B
188146,,"20,122,011,201,020,000,000",C
188182,,"20,092,008",C
188340,,2011,C
188429,,"20,122,011,201,020,000,000",C
188526,,"20,122,011,201,020,000,000",C
188641,,"20,122,011,201,020,000,000",C
189097,,"20,122,011,201,020,000,000",C
189705,,"20,122,011,201,020,000,000",C
190044,,"20,122,011,201,020,000,000",C
190099,,"20,122,011,201,020,000,000",C
190150,,"20,122,011,201,020,000,000",C
190248,,"20,122,011,201,020,000,000",C
190372,,"20,122,011,201,020,000,000",C
190415,Conference,"20,122,011,201,020,000,000",B
190512,,"20,122,011,201,020,000,000",C
190549,,"20,122,011,201,020,000,000",C
190558,,"20,122,011,201,020,000,000",C
190567,,"20,122,011,201,020,000,000",C
190594,,"20,122,011,201,020,000,000",C
190600,,"20,122,011,201,020,000,000",C
190637,,"20,122,011,201,020,000,000",C
190664,,"20,122,011,201,020,000,000",C
190691,,"20,122,011,201,020,000,000",C
190716,,"20,122,011,201,020,000,000",C
190725,,"20,092,008",C
190761,,"20,122,011,201,020,000,000",C
190983,,"20,122,011,201,020,000,000",C
191205,,"201,020,092,008",C
191241,,"20,122,011,201,020,000,000",C
191515,,"20,122,011,201,020,000,000",C
191649,,"20,122,011,201,020,000,000",C
191676,,"2,012,201,020,092,000",C
191931,,"20,122,011,201,020,000,000",C
191968,,"2,011,201,020,092,000",C
192040,,"20,122,011,201,020,000,000",C
192271,,"20,122,011,201,020,000,000",C
192323,,"20,122,011,201,020,000,000",C
192439,,"20,122,011",C
192448,,"20,122,011,201,020,000,000",C
192703,,"201,020,092,008",C
192749,,"201,020,092,008",C
192785,,"201,220,112,010",C
192819,,"201,020,092,008",C
192864,,"20,122,011,201,020,000,000",C
192925,,"20,122,011,201,020,000,000",C
193292,,"20,122,011,201,020,000,000",C
193353,,"20,122,011,201,020,000,000",C
193399,,"20,122,011,201,020,000,000",C
193645,,"20,122,011,201,020,000,000",C
193654,,"20,122,011,201,020,000,000",C
193900,,"20,122,011,201,020,000,000",C
193973,,"20,122,011,201,020,000,000",C
194091,,"20,122,011,201,020,000,000",C
194107,,"20,092,008",C
194116,,"201,220,112,010",C
194161,,"20,122,011,201,020,000,000",C
194310,,"20,122,011,201,020,000,000",C
194541,,"20,122,011,201,020,000,000",C
194569,,"201,220,112,010",C
194578,,"20,122,011,201,020,000,000",C
194824,,"20,122,011,201,020,000,000",C
194958,,"20,122,011,201,020,000,000",C
195003,,"20,122,011,201,020,000,000",C
195030,,"2,011,201,020,092,000",C
195128,,"201,020,092,008",C
195137,,"20,092,008",C
195164,,"20,122,011,201,020,000,000",C
195173,,"20,122,011,201,020,000,000",C
195234,,2008,C
195243,,"20,122,011,201,020,000,000",C
195474,,"20,122,011,201,020,000,000",C
195526,,"20,122,011,201,020,000,000",C
195544,,"20,122,011,201,020,000,000",C
195562,,"20,092,008",C
195720,,"20,122,011,201,020,000,000",C
195809,Conference,"20,122,011,201,020,000,000",B
196006,,2012,C
196033,,"20,122,011,201,020,000,000",C
196042,,"20,122,011,201,020,000,000",C
196051,,"201,220,112,010",C
196060,,"20,122,011,201,020,000,000",C
196079,,"20,122,011,201,020,000,000",C
196088,,"20,122,011,201,020,000,000",C
196097,,"20,122,011,201,020,000,000",C
196103,,"20,122,011,201,020,000,000",C
196112,,"20,122,011,201,020,000,000",C
196121,,"20,122,011,201,020,000,000",C
196130,Conference,"20,122,011,201,020,000,000",B
196149,,"20,122,011,201,020,000,000",C
196158,,"20,122,011,201,020,000,000",C
196167,,"20,122,011,201,020,000,000",C
196176,,"20,122,011,201,020,000,000",C
196185,,"20,122,011,201,020,000,000",C
196194,,"20,122,011,201,020,000,000",C
196200,,2008,C
196219,,"20,122,011,201,020,000,000",C
196237,,"20,122,011,201,020,000,000",C
196246,,"20,122,011,201,020,000,000",C
196291,,"20,122,011,201,020,000,000",C
196413,Conference,"20,122,011,201,020,000,000",B
196468,Conference,,F
197036,,"20,122,011,201,020,000,000",C
197133,,"20,122,011,201,020,000,000",C
197151,,"20,122,011,201,020,000,000",C
197197,,"20,092,008",C
197221,,"20,122,011",C
197230,,"20,122,011,201,020,000,000",C
197708,,"20,122,011,201,020,000,000",C
197869,Conference,"20,122,011,201,020,000,000",B
197911,,"20,122,011,201,020,000,000",C
197984,,"20,122,011,201,020,000,000",C
198066,,"20,122,011,201,020,000,000",C
198109,,"20,122,011,201,020,000,000",C
198136,,"20,122,011,201,020,000,000",C
198215,,"20,122,011,201,020,000,000",C
198303,,"20,122,011,201,020,000,000",C
198385,,"20,122,011,201,020,000,000",C
198419,Conference,"20,122,011,201,020,000,000",B
198464,Conference,"20,122,011,201,020,000,000",B
198507,,"20,122,011,201,020,000,000",C
198516,,"20,122,011,201,020,000,000",C
198543,,"20,122,011,201,020,000,000",C
198561,,"2,012,201,120,102,000",C
198598,,"20,122,011,201,020,000,000",C
198695,,"20,122,011,201,020,000,000",C
198756,,"20,122,011,201,020,000,000",C
198808,,"2,011,201,020,092,000",C
198835,,"20,122,011,201,020,000,000",C
198862,,"20,122,011,201,020,000,000",C
198899,,"20,122,011,201,020,000,000",C
198950,,"20,122,011,201,020,000,000",C
198969,,"20,122,011,201,020,000,000",C
199032,,"20,122,011,201,020,000,000",C
199069,,"2,012,201,120,102,000",C
199102,,"20,122,011,201,020,000,000",C
199111,,"20,122,011,201,020,000,000",C
199120,Conference,"20,122,011,201,020,000,000",B
199139,Conference,"20,122,011,201,020,000,000",B
199148,,"20,122,011,201,020,000,000",C
199157,,"20,122,011,201,020,000,000",C
199184,,"20,122,011,201,020,000,000",C
199193,Conference,"20,122,011,201,020,000,000",B
199209,,"20,122,011,201,020,000,000",C
199218,,"20,122,011,201,020,000,000",C
199272,,"20,122,011,201,020,000,000",C
199281,,"20,122,011,201,020,000,000",C
199306,,"20,122,011,201,020,000,000",C
199315,,2012,C
199412,,"20,122,011,201,020,000,000",C
199458,,"20,122,011,201,020,000,000",C
199582,,"20,122,011,201,020,000,000",C
199607,,"20,122,011,201,020,000,000",C
199643,,2008,C
199847,Conference,,F
199865,,"20,122,011,201,020,000,000",C
199962,,"201,220,112,010",C
199999,,"20,122,011,201,020,000,000",C
200004,,"20,122,011,201,020,000,000",C
200059,,"20,122,011",C
200156,,"20,122,011,201,020,000,000",C
200217,,"20,122,011,201,020,000,000",C
200253,,"20,122,011,201,020,000,000",C
200280,,"20,122,011,201,020,000,000",C
200332,,"20,122,011,201,020,000,000",C
200572,,"20,122,011,201,020,000,000",C
200800,Conference,2012,B
201061,,"20,122,011,201,020,000,000",C
201104,,"20,122,011,201,020,000,000",C
201371,,"20,122,011,201,020,000,000",C
201441,Conference,"20,122,011,201,020,000,000",B
201548,,"20,122,011,201,020,000,000",C
201645,,"20,122,011,201,020,000,000",C
201654,,"20,122,011,201,020,000,000",C
201690,,"20,122,011,201,020,000,000",C
201858,,"20,122,011,201,020,000,000",C
201885,Conference,"20,122,011,201,020,000,000",B
201964,,"20,092,008",C
202046,,"20,122,011,201,020,000,000",C
202134,Conference,"20,122,011,201,020,000,000",B
202170,,"20,122,011,201,020,000,000",C
202480,,"20,122,011,201,020,000,000",C
202514,,"20,122,011,201,020,000,000",C
202763,,"20,122,011,201,020,000,000",C
202912,,2012,C
203085,,"201,020,092,008",C
203128,,"20,122,011,201,020,000,000",C
203368,,"20,122,011,201,020,000,000",C
203517,Conference,"20,122,011,201,020,000,000",B
203535,,"20,122,011,201,020,000,000",C
203580,,"20,122,011,201,020,000,000",C
203775,,"20,122,011,201,020,000,000",C
203845,,"20,122,011,201,020,000,000",C
204024,Conference,"20,122,011,201,020,000,000",B
204176,,"20,122,011,201,020,000,000",C
204185,,"20,122,011,201,020,000,000",C
204194,,"20,122,011,201,020,000,000",C
204200,,"20,122,011,201,020,000,000",C
204264,,"20,122,011,201,020,000,000",C
204468,,"20,122,011,201,020,000,000",C
204501,,"20,122,011,201,020,000,000",C
204617,,"20,122,011,201,020,000,000",C
204635,,"20,122,011,201,020,000,000",C
204796,Conference,"20,122,011,201,020,000,000",B
204857,Conference,"20,122,011,201,020,000,000",B
204909,,"20,122,011,201,020,000,000",C
204936,,"20,122,011,201,020,000,000",C
205027,,"2,011,201,020,092,000",C
205957,,"20,122,011,201,020,000,000",C
206048,,"201,020,092,008",C
206084,Conference,,F
206330,,"20,092,008",C
206349,,"20,122,011,201,020,000,000",C
206437,,"20,122,011,201,020,000,000",C
206507,,"20,122,011,201,020,000,000",C
206589,,"20,122,011,201,020,000,000",C
206604,Conference,,F
206622,Conference,"20,122,011,201,020,000,000",B
206695,Conference,,F
206817,,"20,122,011,201,020,000,000",C
206835,,"201,220,112,010",C
206941,,"20,122,011,201,020,000,000",C
207041,,"20,122,011,201,020,000,000",C
207157,,"20,122,011,201,020,000,000",C
207263,,"20,122,011,201,020,000,000",C
207306,,"20,122,011,201,020,000,000",C
207324,,"20,122,011,201,020,000,000",C
207351,,"20,122,011,201,020,000,000",C
207388,Conference,"20,122,011,201,020,000,000",B
207403,,"20,122,011,201,020,000,000",C
207458,,"20,122,011,201,020,000,000",C
207500,Conference,"20,122,011,201,020,000,000",B
207564,Conference,,F
207582,,"20,122,011,201,020,000,000",C
207661,,"2,012,201,120,102,000",C
207689,,"201,220,092,008",C
207722,,"20,122,011,201,020,000,000",C
207847,,"20,122,011,201,020,000,000",C
207856,,"20,122,011,201,020,000,000",C
207865,,"20,122,011,201,020,000,000",C
207971,Conference,"20,122,011,201,020,000,000",B
208488,,"20,122,011,201,020,000,000",C
208646,,"20,122,011,201,020,000,000",C
208822,,"20,122,011,201,020,000,000",C
209065,,"20,122,011,201,020,000,000",C
209287,,"20,122,011,201,020,000,000",C
209409,,"20,122,011,201,020,000,000",C
209506,,"20,122,011,201,020,000,000",C
209542,Conference,"20,122,011,201,020,000,000",B
209551,Conference,"20,122,011,201,020,000,000",B
209612,,"20,122,011,201,020,000,000",C
209807,,"20,122,011,201,020,000,000",C
209825,,"20,122,011,201,020,000,000",C
209922,,"20,122,011,201,020,000,000",C
210146,,"20,122,011,201,020,000,000",C
210331,,"20,122,011,201,020,000,000",C
210401,,"20,122,011,201,020,000,000",C
210429,,"20,122,011,201,020,000,000",C
210492,,"20,122,011,201,020,000,000",C
210571,,2008,C
210669,,"20,122,011,201,020,000,000",C
210739,,"20,122,011,201,020,000,000",C
210775,,"20,122,011,201,020,000,000",C
211024,,"20,122,011,201,020,000,000",C
211088,,"20,122,011,201,020,000,000",C
211158,,"20,122,011,201,020,000,000",C
211273,,"20,122,011,201,020,000,000",C
211291,,"20,122,011,201,020,000,000",C
211352,,"20,122,011,201,020,000,000",C
211361,,"20,122,011,201,020,000,000",C
211431,,"20,122,011,201,020,000,000",C
211440,,"20,122,011,201,020,000,000",C
211468,,"20,122,011,201,020,000,000",C
211583,,"20,122,011,201,020,000,000",C
211644,,"20,122,011,201,020,000,000",C
211981,,"20,122,011,201,020,000,000",C
212054,,"20,122,011,201,020,000,000",C
212106,,"20,122,011,201,020,000,000",C
212115,,"20,122,011,201,020,000,000",C
212133,,"20,122,011,201,020,000,000",C
212160,,"20,122,011,201,020,000,000",C
212197,,"20,122,011,201,020,000,000",C
212601,,"20,122,011,201,020,000,000",C
212656,,"20,122,011,201,020,000,000",C
212911,,"20,122,011,201,020,000,000",C
212984,,"20,122,011,201,020,000,000",C
213011,,"20,122,011,201,020,000,000",C
213020,,"20,122,011,201,020,000,000",C
213349,,"20,122,011,201,020,000,000",C
213358,,"20,122,011,201,020,000,000",C
213367,,"20,122,011,201,020,000,000",C
213385,,"20,122,011,201,020,000,000",C
213400,,"20,122,011,201,020,000,000",C
213543,,"20,122,011,201,020,000,000",C
213598,,"20,122,011,201,020,000,000",C
213613,,"20,122,011,201,020,000,000",C
213668,,"20,092,008",C
213783,,"20,122,011,201,020,000,000",C
213826,,"20,122,011,201,020,000,000",C
213987,,"20,122,011,201,020,000,000",C
213996,,"20,122,011,201,020,000,000",C
214041,,"20,122,011,201,020,000,000",C
214069,,"20,122,011,201,020,000,000",C
214148,,"20,122,011,201,020,000,000",C
214157,,"201,020,092,008",C
214166,,"20,122,011,201,020,000,000",C
214272,,"20,122,011,201,020,000,000",C
214591,,"20,122,011,201,020,000,000",C
214625,,"20,122,011,201,020,000,000",C
214634,,"20,122,011,201,020,000,000",C
214643,,"20,122,011,201,020,000,000",C
214652,,"20,122,011,201,020,000,000",C
214670,,"20,122,011,201,020,000,000",C
214689,,"20,122,011,201,020,000,000",C
214698,,"20,122,011,201,020,000,000",C
214704,,"20,122,011,201,020,000,000",C
214713,,"20,122,011,201,020,000,000",C
214731,,"20,122,011,201,020,000,000",C
214740,,"20,122,011,201,020,000,000",C
214759,,"20,122,011,201,020,000,000",C
214768,,"20,122,011,201,020,000,000",C
214777,Conference,"20,122,011,201,020,000,000",B
214786,,"20,122,011,201,020,000,000",C
214795,,"20,122,011,201,020,000,000",C
214801,,"20,122,011,201,020,000,000",C
214810,,"20,122,011,201,020,000,000",C
214829,,"20,122,011,201,020,000,000",C
215062,Conference,"20,122,011,201,020,000,000",B
215099,,"20,122,011,201,020,000,000",C
215105,,"20,122,011,201,020,000,000",C
215114,,"20,122,011,201,020,000,000",C
215132,,"20,122,011,201,020,000,000",C
215266,,"20,122,011,201,020,000,000",C
215275,,"20,122,011,201,020,000,000",C
215284,,"20,122,011,201,020,000,000",C
215293,Conference,"20,122,011,201,020,000,000",B
215442,,"20,122,011,201,020,000,000",C
215655,,"20,122,011,201,020,000,000",C
215691,,"20,122,011,201,020,000,000",C
215743,,"20,122,011,201,020,000,000",C
215770,,"20,122,011,201,020,000,000",C
215798,,"20,122,011,201,020,000,000",C
215929,,"20,122,011,201,020,000,000",C
216010,,"20,122,011,201,020,000,000",C
216038,,"20,122,011,201,020,000,000",C
216287,,"20,122,011,201,020,000,000",C
216339,,"20,122,011,201,020,000,000",C
216357,,"20,122,011,201,020,000,000",C
216524,,2008,C
216542,,"2,012,201,120,102,000",C
216597,Conference,"20,122,011,201,020,000,000",B
216667,,"20,092,008",C
216694,,"20,122,011,201,020,000,000",C
216764,,"20,122,011,201,020,000,000",C
216807,,"20,122,011,201,020,000,000",C
216852,,"20,122,011,201,020,000,000",C
216931,,"20,122,011,201,020,000,000",C
217013,,"20,122,011,201,020,000,000",C
217059,,"20,122,011,201,020,000,000",C
217156,Conference,"20,122,011,201,020,000,000",B
217165,,"201,020,092,008",C
217402,Conference,,F
217420,,"20,122,011,201,020,000,000",C
217484,,"20,122,011,201,020,000,000",C
217493,,"20,122,011,201,020,000,000",C
217518,,"2,011,201,020,092,000",C
217536,,"20,092,008",C
217633,,"20,122,011,201,020,000,000",C
217688,,"20,122,011,201,020,000,000",C
217749,,2012,C
217776,,"20,122,011,201,020,000,000",C
217819,,"20,122,011,201,020,000,000",C
217864,,"20,122,011,201,020,000,000",C
217873,,"20,122,011,201,020,000,000",C
217882,Conference,"20,122,011,201,020,000,000",B
217907,,"20,122,011,201,020,000,000",C
217925,,"20,122,011,201,020,000,000",C
217934,,"20,122,011,201,020,000,000",C
217961,,"20,122,011,201,020,000,000",C
217998,,"20,122,011,201,020,000,000",C
218061,,"20,122,011,201,020,000,000",C
218229,,"201,220,092,008",C
218238,,"20,122,011,201,020,000,000",C
218414,,"20,122,011,201,020,000,000",C
218441,,"20,122,011,201,020,000,000",C
218539,,"20,122,011,201,020,000,000",C
218645,,"20,122,011,201,020,000,000",C
218654,,"20,122,011,201,020,000,000",C
218663,Conference,"20,122,011,201,020,000,000",B
218724,,"20,122,011,201,020,000,000",C
218733,,"20,122,011,201,020,000,000",C
218742,,"20,122,011,201,020,000,000",C
218964,,"20,122,011,201,020,000,000",C
218973,,"20,122,011,201,020,000,000",C
219000,,"20,122,011,201,020,000,000",C
219046,,"20,122,011,201,020,000,000",C
219082,,"20,122,011,201,020,000,000",C
219091,,"20,122,011,201,020,000,000",C
219198,,"20,122,011,201,020,000,000",C
219259,,"20,122,011,201,020,000,000",C
219295,,"20,122,011,201,020,000,000",C
219347,,"20,122,011,201,020,000,000",C
219356,,"20,122,011,201,020,000,000",C
219383,,"20,122,011,201,020,000,000",C
219471,,"20,122,011,201,020,000,000",C
219578,,"20,122,011,201,020,000,000",C
219602,,"20,122,011,201,020,000,000",C
219639,,"20,122,011,201,020,000,000",C
219709,,"20,122,011,201,020,000,000",C
219718,,"20,122,011,201,020,000,000",C
219790,,"20,122,011,201,020,000,000",C
219806,,"20,122,011,201,020,000,000",C
219833,,"20,122,011,201,020,000,000",C
219949,,"20,122,011,201,020,000,000",C
219976,,"20,122,011,201,020,000,000",C
220075,,"20,122,011,201,020,000,000",C
220181,,"20,122,011,201,020,000,000",C
220215,,"20,122,011,201,020,000,000",C
220312,,"201,220,112,010",C
220473,,"20,122,011,201,020,000,000",C
220516,,"20,122,011,201,020,000,000",C
220589,,"201,020,092,008",C
220598,,"20,122,011,201,020,000,000",C
220604,,"20,122,011,201,020,000,000",C
220613,,"20,122,011,201,020,000,000",C
220631,,"201,220,112,010",C
220701,,"20,092,008",C
220710,,"20,122,011,201,020,000,000",C
220808,,"20,122,011,201,020,000,000",C
220862,Conference,"20,122,011,201,020,000,000",B
220941,,"201,020,092,008",C
220978,Conference,"20,122,011,201,020,000,000",B
221014,,"20,122,011,201,020,000,000",C
221254,,"20,122,011,201,020,000,000",C
221351,,"20,122,011,201,020,000,000",C
221519,,"20,092,008",C
221661,,"20,122,011,201,020,000,000",C
221731,,"20,122,011,201,020,000,000",C
221740,,"20,122,011,201,020,000,000",C
221759,Conference,"20,122,011,201,020,000,000",B
221768,,"20,122,011,201,020,000,000",C
221838,,"20,092,008",C
221847,,"20,122,011,201,020,000,000",C
221856,,"20,122,011,201,020,000,000",C
221892,,"20,122,011,201,020,000,000",C
221953,,"20,122,011,201,020,000,000",C
221971,,"20,122,011,201,020,000,000",C
221999,Conference,"20,122,011,201,020,000,000",B
222178,,"20,122,011,201,020,000,000",C
222831,,"20,122,011,201,020,000,000",C
222983,,"20,122,011,201,020,000,000",C
223232,Conference,"20,122,011,201,020,000,000",B
224004,,"20,122,011,201,020,000,000",C
224147,,"201,220,112,010",C
224226,,"20,122,011,201,020,000,000",C
224244,,"20,122,011,201,020,000,000",C
224323,,"20,122,011,201,020,000,000",C
224527,,"20,122,011,201,020,000,000",C
224545,,"201,220,112,010",C
224554,,"20,122,011,201,020,000,000",C
225247,,"20,122,011,201,020,000,000",C
225399,,"20,122,011,201,020,000,000",C
225502,,"201,220,112,010",C
225511,Conference,"20,122,011,201,020,000,000",B
225548,,"20,122,011,201,020,000,000",C
225575,,"20,122,011,201,020,000,000",C
225627,,"20,122,011,201,020,000,000",C
226091,,"20,122,011,201,020,000,000",C
226152,,"20,122,011,201,020,000,000",C
226231,,"20,122,011,201,020,000,000",C
226383,,"20,122,011,201,020,000,000",C
226471,,"20,122,011,201,020,000,000",C
226587,,"20,122,011,201,020,000,000",C
226833,,"20,122,011,201,020,000,000",C
227216,Conference,"20,122,011,201,020,000,000",B
227243,,"20,122,011,201,020,000,000",C
227331,,"20,122,011,201,020,000,000",C
227368,,"20,122,011,201,020,000,000",C
227429,,"20,122,011,201,020,000,000",C
227526,,"20,122,011,201,020,000,000",C
227757,Conference,"20,122,011,201,020,000,000",B
227845,,"20,122,011,201,020,000,000",C
227863,,"20,122,011,201,020,000,000",C
227881,,"20,122,011,201,020,000,000",C
228042,,"20,122,011,201,020,000,000",C
228149,,"20,122,011,201,020,000,000",C
228246,Conference,"20,122,011,201,020,000,000",B
228343,,"20,122,011,201,020,000,000",C
228431,,"20,122,011,201,020,000,000",C
228459,Conference,"20,122,011,201,020,000,000",B
228468,,"201,020,092,008",C
228501,,2012,C
228529,,"20,122,011,201,020,000,000",C
228608,Conference,,F
228705,,"20,122,011,201,020,000,000",C
228714,,"20,122,011,201,020,000,000",C
228723,Conference,"20,122,011,201,020,000,000",B
228769,,"20,122,011,201,020,000,000",C
228778,Conference,"20,122,011,201,020,000,000",B
228787,,"20,122,011,201,020,000,000",C
228796,Conference,"20,122,011,201,020,000,000",B
228802,,"20,122,011,201,020,000,000",C
228875,Conference,"20,122,011,201,020,000,000",B
228981,,"20,122,011,201,020,000,000",C
229018,,"20,122,011,201,020,000,000",C
229027,Conference,"20,122,011,201,020,000,000",B
229063,,"20,122,011,201,020,000,000",C
229115,Conference,"20,122,011,201,020,000,000",B
229160,,"20,122,011,201,020,000,000",C
229179,,"20,122,011,201,020,000,000",C
229267,,"20,122,011,201,020,000,000",C
229780,,"20,122,011,201,020,000,000",C
229814,,"20,122,011,201,020,000,000",C
230038,,"20,122,011,201,020,000,000",C
230047,,"20,122,011,201,020,000,000",C
230603,,"20,122,011,201,020,000,000",C
230728,Conference,"20,122,011,201,020,000,000",B
230764,Conference,"20,122,011,201,020,000,000",B
230807,,"20,122,011,201,020,000,000",C
230834,,"20,122,011,201,020,000,000",C
230852,,"20,122,011,201,020,000,000",C
230913,,"20,122,011,201,020,000,000",C
230931,,"201,220,112,008",C
230959,,"20,122,011,201,020,000,000",C
230995,,"20,122,011,201,020,000,000",C
231059,,"20,092,008",C
231077,,"20,122,011,201,020,000,000",C
231086,,"20,122,011,201,020,000,000",C
231174,,"20,122,011,201,020,000,000",C
231420,,"20,122,011,201,020,000,000",C
231554,,"20,122,011,201,020,000,000",C
231581,,"20,122,011,201,020,000,000",C
231624,,"20,122,011,201,020,000,000",C
231651,,"2,012,201,120,102,000",C
231712,,"2,011,201,020,092,000",C
231837,,"20,122,011,201,020,000,000",C
232025,,"20,122,011,201,020,000,000",C
232043,,"20,122,011,201,020,000,000",C
232089,,"20,122,011,201,020,000,000",C
232186,,"20,122,011,201,020,000,000",C
232256,,"20,122,011,201,020,000,000",C
232265,,"201,220,112,008",C
232308,,"20,122,011,201,020,000,000",C
232423,,"20,122,011,201,020,000,000",C
232557,,2008,C
232566,,"20,122,011,201,020,000,000",C
232609,,"20,122,011,201,020,000,000",C
232672,,"20,122,011,201,020,000,000",C
232681,,"20,122,011,201,020,000,000",C
232706,,"20,122,011,201,020,000,000",C
232937,,"20,122,011,201,020,000,000",C
232982,Conference,"20,122,011,201,020,000,000",B
233277,,"20,122,011,201,020,000,000",C
233295,,"20,122,011,201,020,000,000",C
233301,,"20,122,011,201,020,000,000",C
233374,,"20,122,011,201,020,000,000",C
233426,,"20,122,011,201,020,000,000",C
233499,,"20,122,011,201,020,000,000",C
233541,,"20,122,011,201,020,000,000",C
233611,,"201,220,092,008",C
233718,,"20,122,011,201,020,000,000",C
233897,,"20,122,011,201,020,000,000",C
233912,,"2,012,201,120,092,000",C
233921,Conference,"20,122,011,201,020,000,000",B
234030,,"20,122,011,201,020,000,000",C
234076,Conference,"20,122,011,201,020,000,000",B
234085,,"20,122,011,201,020,000,000",C
234155,,"20,122,011,201,020,000,000",C
234164,,"20,122,011",C
234173,,"20,122,011,201,020,000,000",C
234207,,"20,122,011,201,020,000,000",C
234827,,"20,122,011,201,020,000,000",C
235097,,"20,122,011,201,020,000,000",C
235167,,"20,122,011,201,020,000,000",C
235316,,"20,122,011,201,020,000,000",C
236133,,"20,122,011,201,020,000,000",C
236230,,"20,122,011,201,020,000,000",C
236328,,"20,122,011,201,020,000,000",C
236452,,"20,122,011,201,020,000,000",C
236577,,"20,122,011,201,020,000,000",C
236595,,"20,122,011,201,020,000,000",C
236896,,"20,122,011,201,020,000,000",C
236939,Conference,"20,122,011,201,020,000,000",B
236948,Conference,"20,122,011,201,020,000,000",B
237011,,"20,122,011,201,020,000,000",C
237057,,"20,122,011,201,020,000,000",C
237118,,"20,122,011,201,020,000,000",C
237136,,"20,122,011,201,020,000,000",C
237181,,"20,122,011,201,020,000,000",C
237215,,"20,122,011,201,020,000,000",C
237312,,"20,122,011,201,020,000,000",C
237330,,"20,122,011,201,020,000,000",C
237358,,"20,122,011,201,020,000,000",C
237367,,"20,122,011,201,020,000,000",C
237385,,"20,122,011,201,020,000,000",C
237525,Conference,"20,122,011,201,020,000,000",B
237640,,"20,122,011,201,020,000,000",C
237792,,"20,122,011,201,020,000,000",C
237899,,"20,122,011,201,020,000,000",C
237932,,"20,122,011,201,020,000,000",C
237950,,"20,122,011,201,020,000,000",C
237969,,"20,122,011,201,020,000,000",C
238032,Conference,"20,122,011,201,020,000,000",B
238078,,"20,122,011,201,020,000,000",C
238193,,"20,122,011,201,020,000,000",C
238324,,"20,122,011,201,020,000,000",C
238333,,"20,122,011,201,020,000,000",C
238430,,"20,122,011,201,020,000,000",C
238458,,"20,122,011,201,020,000,000",C
238476,,"20,122,011,201,020,000,000",C
238616,,"20,122,011,201,020,000,000",C
238661,,"20,122,011,201,020,000,000",C
238980,,"20,122,011,201,020,000,000",C
239071,,"20,122,011,201,020,000,000",C
239080,,"20,122,011,201,020,000,000",C
239105,Conference,"20,122,011,201,020,000,000",B
239318,,"20,122,011,201,020,000,000",C
239390,,"20,122,011,201,020,000,000",C
239512,,"20,122,011,201,020,000,000",C
239628,,"20,122,011,201,020,000,000",C
239716,,"20,122,011,201,020,000,000",C
239743,,"20,122,011,201,020,000,000",C
240107,,"20,122,011,201,020,000,000",C
240189,,"20,122,011,201,020,000,000",C
240268,,"20,122,011,201,020,000,000",C
240277,Conference,"20,122,011,201,020,000,000",B
240329,,"20,122,011,201,020,000,000",C
240338,,"20,122,011,201,020,000,000",C
240365,,"20,122,011,201,020,000,000",C
240374,,"20,122,011,201,020,000,000",C
240417,,"20,122,011,201,020,000,000",C
240426,,"20,122,011,201,020,000,000",C
240444,Conference,"20,122,011,201,020,000,000",B
240453,Conference,"20,122,011,201,020,000,000",B
240462,,"20,122,011,201,020,000,000",C
240471,,"20,122,011,201,020,000,000",C
240480,,"20,122,011,201,020,000,000",C
240727,Conference,"20,122,011,201,020,000,000",B
241410,,2008,C
243106,,2012,C
243115,,2012,C
243142,,"20,122,011,201,020,000,000",C
243151,,"20,122,011,201,020,000,000",C
243179,,2012,C
243188,,2012,C
243212,,"20,122,011,201,020,000,000",C
243221,,"20,122,011,201,020,000,000",C
243665,,"20,122,011,201,020,000,000",C
243744,Conference,"20,122,011,201,020,000,000",B
243780,Conference,"20,122,011,201,020,000,000",B
262129,,"20,122,011,201,020,000,000",C
363934,,"20,122,011",C
366711,,2008,C
377555,,"20,122,011,201,020,000,000",C
377564,,"20,122,011,201,020,000,000",C
392840,,"20,122,011,201,020,000,000",C
399911,,"20,122,011,201,020,000,000",C
402776,,2008,C
409698,,2008,C
420352,,"20,092,008",C
433660,,"20,122,011,201,020,000,000",C
436818,,"20,122,011,201,020,000,000",C
436827,,"20,122,011,201,020,000,000",C
436836,,"20,122,011,201,020,000,000",C
441186,,"2,011,201,020,092,000",C
441982,,"20,122,011,201,020,000,000",C
442356,,2012,C
443410,,"20,122,011,201,020,000,000",C
445188,,"20,122,011,201,020,000,000",C
446048,,"20,122,011,201,020,000,000",C
448840,,"2,012,201,120,102,000",C
449764,,"20,122,011,201,020,000,000",C
450766,,2009,C
451185,,"20,092,008",C
454184,,"20,122,011,201,020,000,000",C
456959,,"2,012,201,120,102,000",C
461148,,2011,C
479956,,2012,C
